{
    "loss": 22.338163375854492,
    "accuracy": 0.5483871102333069
}