{
    "loss": 52.4933967590332,
    "accuracy": 0.4838709533214569
}