{
    "loss": 2.8645880222320557,
    "accuracy": 0.6129032373428345
}