{
    "loss": 44.591575622558594,
    "accuracy": 0.4838709533214569
}