{
    "loss": 17.88617706298828,
    "accuracy": 0.5161290168762207
}