{
    "loss": 35.885257720947266,
    "accuracy": 0.4838709533214569
}