{
    "loss": 20.963275909423828,
    "accuracy": 0.5161290168762207
}